"condition_en","concept_id","canonical_np","icd11_in_lexicon","icd11_autocode","icd11_title","match_score","icd10_code","verification_status","notes"
"Typhoid fever","NCL-0058","टाइफाइड ज्वरो","1A07","1A07.Z","Typhoid fever","1","A01.0","mismatch","lexicon says 1A07, container says 1A07.Z — resolve before citing"
"Diabetes mellitus","NCL-0059","मधुमेह","","5A14","diabetes mellitus NOS","1","E14","proposed_unverified","candidate only; read it, then add it to the generator by hand; icd10 is category-level (unspecified)"
"Hypertension","NCL-0060","उच्च रक्तचाप","","BA00.Z","hypertension NOS","1","I10","proposed_unverified","candidate only; read it, then add it to the generator by hand; icd10 is category-level (unspecified)"
"Tuberculosis","NCL-0061","क्षयरोग","","1B1Z","Tuberculosis NOS","1","A15","proposed_unverified","candidate only; read it, then add it to the generator by hand; icd10 is category-level (unspecified)"
"Pneumonia","NCL-0062","निमोनिया","","CA40.Z","Pneumonia","1","J18","proposed_unverified","candidate only; read it, then add it to the generator by hand; icd10 is category-level (unspecified)"
"Asthma","NCL-0063","दम","","CA23","Asthma","1","J45","proposed_unverified","candidate only; read it, then add it to the generator by hand; icd10 is category-level (unspecified)"
"Jaundice","NCL-0064","जन्डिस","","ME10.1","Unspecified jaundice","1","R17","proposed_unverified","candidate only; read it, then add it to the generator by hand; icd10 is category-level (unspecified)"
"Gastritis","NCL-0065","ग्यास्ट्राइटिस","","DA42.Z","Gastritis","1","K29","proposed_unverified","candidate only; read it, then add it to the generator by hand; icd10 is category-level (unspecified)"
"Urinary tract infection","NCL-0066","पिसाब संक्रमण","","GC08.Z","urinary tract infection NOS","1","N39.0","proposed_unverified","candidate only; read it, then add it to the generator by hand"
"Dengue fever","NCL-0067","डेंगु ज्वरो","","1D22","Severe dengue fever","0.8931962498730622","A90","proposed_unverified","candidate only; read it, then add it to the generator by hand; icd10 is category-level (unspecified)"
"Malaria","NCL-0068","मलेरिया","","1F4Z","malaria NOS","1","B54","proposed_unverified","candidate only; read it, then add it to the generator by hand; icd10 is category-level (unspecified)"
"COVID-19","NCL-0069","कोभिड-१९","","RA01","COVID-19","1","U07.1","proposed_unverified","candidate only; read it, then add it to the generator by hand"
"Influenza","NCL-0070","फ्लु","","1E32","Influenza NOS","1","J11","proposed_unverified","candidate only; read it, then add it to the generator by hand; icd10 is category-level (unspecified)"
"Anemia","NCL-0071","रक्तअल्पता","","3A9Z","Anaemia, unspecified","1","D64","proposed_unverified","candidate only; read it, then add it to the generator by hand; icd10 is category-level (unspecified)"
"Hypothyroidism","NCL-0072","थाइराइड कम","","5A00.Z","Hypothyroidism","1","E03","proposed_unverified","candidate only; read it, then add it to the generator by hand; icd10 is category-level (unspecified)"
"Hyperthyroidism","NCL-0073","थाइराइड बढी","","5A02.Z","hyperthyroidism","1","E05","proposed_unverified","candidate only; read it, then add it to the generator by hand; icd10 is category-level (unspecified)"
"Chronic kidney disease","NCL-0074","मिर्गौला रोग","","GB61.Z","Chronic kidney disease","1","N18","proposed_unverified","candidate only; read it, then add it to the generator by hand; icd10 is category-level (unspecified)"
"Heart failure","NCL-0075","मुटु कमजोर","","BD1Z","cardiac failure","1","I50","proposed_unverified","candidate only; read it, then add it to the generator by hand; icd10 is category-level (unspecified)"
"Stroke","NCL-0076","स्ट्रोक","","8B20","stroke","1","I64","proposed_unverified","candidate only; read it, then add it to the generator by hand; icd10 is category-level (unspecified)"
"Epilepsy","NCL-0077","छारे रोग","","8A6Z","epilepsia","1","G40","proposed_unverified","candidate only; read it, then add it to the generator by hand; icd10 is category-level (unspecified)"
"Depression","NCL-0078","डिप्रेसन","","6A7Z","depressed NOS","1","F32","proposed_unverified","candidate only; read it, then add it to the generator by hand; icd10 is category-level (unspecified)"
"Anxiety disorder","NCL-0079","एन्क्जाइटी","","6E63","Organic anxiety disorder","0.7540552574526938","F41","proposed_unverified","candidate only; read it, then add it to the generator by hand; icd10 is category-level (unspecified)"
"Migraine","NCL-0080","माइग्रेन","","8A80.Z","Migraine","1","G43","proposed_unverified","candidate only; read it, then add it to the generator by hand; icd10 is category-level (unspecified)"
"Appendicitis","NCL-0081","एपेन्डिसाइटिस","","DB10.Z","Appendicitis","1","K35","proposed_unverified","candidate only; read it, then add it to the generator by hand; icd10 is category-level (unspecified)"
"Gallstone disease","NCL-0082","पित्तथैलीको ढुंगा","","DC11.3","gallstone","0.9040074729612401","K80","proposed_unverified","candidate only; read it, then add it to the generator by hand; icd10 is category-level (unspecified)"
"Hepatitis","NCL-0083","हेपाटाइटिस","","DB97.Z","hepatitis NOS","1","K75","proposed_unverified","candidate only; read it, then add it to the generator by hand; icd10 is category-level (unspecified)"
"Dysentery","NCL-0084","आउँ","","1A40.Z","dysentery","1","A09","proposed_unverified","candidate only; read it, then add it to the generator by hand; icd10 is category-level (unspecified)"
"Allergic rhinitis","NCL-0085","एलर्जी रुघा","","CA08.0Z","Allergic rhinitis","1","J30","proposed_unverified","candidate only; read it, then add it to the generator by hand; icd10 is category-level (unspecified)"
"Skin infection","NCL-0086","छाला संक्रमण","","1B7Z","infected skin","1","L08","proposed_unverified","candidate only; read it, then add it to the generator by hand; icd10 is category-level (unspecified)"
"Pregnancy","NCL-0087","गर्भावस्था","","JA80.Z","Multiple pregnancy NOS","0.09465386421708318","Z34","proposed_unverified","candidate only; read it, then add it to the generator by hand; icd10 is category-level (unspecified)"
